{
  "2.0_2.0": {
    "Expected": {
      "Attractive": 18.333333333333332,
      "Sincere": 19.573643410852714,
      "Intelligent": 21.372093023255815,
      "Fun": 18.06201550387597,
      "Ambitious": 12.162790697674419
    },
    "Perceive": {
      "Attractive": 6.906976744186046,
      "Sincere": 7.255813953488372,
      "Intelligent": 8.472868217054264,
      "Fun": 7.6434108527131785,
      "Ambitious": 7.5271317829457365
    }
  },
  "2.0_4.0": {
    "Expected": {
      "Attractive": 18.56451612903226,
      "Sincere": 19.032258064516128,
      "Intelligent": 21.016129032258064,
      "Fun": 16.370967741935484,
      "Ambitious": 11.758064516129032
    },
    "Perceive": {
      "Attractive": 6.854838709677419,
      "Sincere": 7.5,
      "Intelligent": 8.693548387096774,
      "Fun": 7.225806451612903,
      "Ambitious": 7.725806451612903
    }
  },
  "2.0_3.0": {
    "Expected": {
      "Attractive": 23.571428571428573,
      "Sincere": 20.952380952380953,
      "Intelligent": 22.61904761904762,
      "Fun": 12.80952380952381,
      "Ambitious": 10.047619047619047
    },
    "Perceive": {
      "Attractive": 6.428571428571429,
      "Sincere": 7.523809523809524,
      "Intelligent": 7.9523809523809526,
      "Fun": 7.095238095238095,
      "Ambitious": 7.0
    }
  },
  "2.0_1.0": {
    "Expected": {
      "Attractive": 19.375,
      "Sincere": 15.625,
      "Intelligent": 16.875,
      "Fun": 20.625,
      "Ambitious": 14.375
    },
    "Perceive": {
      "Attractive": 6.875,
      "Sincere": 7.375,
      "Intelligent": 8.5,
      "Fun": 7.25,
      "Ambitious": 7.25
    }
  },
  "2.0_6.0": {
    "Expected": {
      "Attractive": 14.363636363636363,
      "Sincere": 29.09090909090909,
      "Intelligent": 16.363636363636363,
      "Fun": 15.454545454545455,
      "Ambitious": 9.090909090909092
    },
    "Perceive": {
      "Attractive": 6.909090909090909,
      "Sincere": 7.545454545454546,
      "Intelligent": 8.454545454545455,
      "Fun": 7.636363636363637,
      "Ambitious": 7.909090909090909
    }
  },
  "6.0_2.0": {
    "Expected": {
      "Attractive": 16.75,
      "Sincere": 18.833333333333332,
      "Intelligent": 19.75,
      "Fun": 18.583333333333332,
      "Ambitious": 17.416666666666668
    },
    "Perceive": {
      "Attractive": 7.583333333333333,
      "Sincere": 8.333333333333334,
      "Intelligent": 8.666666666666666,
      "Fun": 8.333333333333334,
      "Ambitious": 8.5
    }
  },
  "6.0_4.0": {
    "Expected": {
      "Attractive": 28.0,
      "Sincere": 17.615384615384617,
      "Intelligent": 16.76923076923077,
      "Fun": 15.23076923076923,
      "Ambitious": 10.153846153846153
    },
    "Perceive": {
      "Attractive": 7.846153846153846,
      "Sincere": 8.538461538461538,
      "Intelligent": 8.692307692307692,
      "Fun": 8.153846153846153,
      "Ambitious": 8.384615384615385
    }
  },
  "6.0_3.0": {
    "Expected": {
      "Attractive": 14.285714285714286,
      "Sincere": 18.571428571428573,
      "Intelligent": 25.714285714285715,
      "Fun": 17.142857142857142,
      "Ambitious": 8.571428571428571
    },
    "Perceive": {
      "Attractive": 8.285714285714286,
      "Sincere": 9.142857142857142,
      "Intelligent": 9.0,
      "Fun": 8.857142857142858,
      "Ambitious": 9.0
    }
  },
  "6.0_1.0": {
    "Expected": {
      "Attractive": 18.333333333333332,
      "Sincere": 13.333333333333334,
      "Intelligent": 15.0,
      "Fun": 25.0,
      "Ambitious": 13.333333333333334
    },
    "Perceive": {
      "Attractive": 8.0,
      "Sincere": 9.333333333333334,
      "Intelligent": 9.333333333333334,
      "Fun": 9.0,
      "Ambitious": 9.0
    }
  },
  "6.0_6.0": {
    "Expected": {
      "Attractive": 15.0,
      "Sincere": 25.0,
      "Intelligent": 15.0,
      "Fun": 15.0,
      "Ambitious": 15.0
    },
    "Perceive": {
      "Attractive": 10.0,
      "Sincere": 10.0,
      "Intelligent": 10.0,
      "Fun": 10.0,
      "Ambitious": 10.0
    }
  },
  "3.0_2.0": {
    "Expected": {
      "Attractive": 19.470588235294116,
      "Sincere": 18.235294117647058,
      "Intelligent": 24.0,
      "Fun": 16.352941176470587,
      "Ambitious": 12.529411764705882
    },
    "Perceive": {
      "Attractive": 7.235294117647059,
      "Sincere": 7.823529411764706,
      "Intelligent": 7.882352941176471,
      "Fun": 8.470588235294118,
      "Ambitious": 7.352941176470588
    }
  },
  "3.0_4.0": {
    "Expected": {
      "Attractive": 16.666666666666668,
      "Sincere": 18.0,
      "Intelligent": 22.166666666666668,
      "Fun": 17.166666666666668,
      "Ambitious": 11.666666666666666
    },
    "Perceive": {
      "Attractive": 7.666666666666667,
      "Sincere": 7.333333333333333,
      "Intelligent": 8.0,
      "Fun": 8.666666666666666,
      "Ambitious": 7.833333333333333
    }
  },
  "3.0_3.0": {
    "Expected": {
      "Attractive": 18.75,
      "Sincere": 20.0,
      "Intelligent": 20.0,
      "Fun": 16.25,
      "Ambitious": 18.75
    },
    "Perceive": {
      "Attractive": 7.25,
      "Sincere": 8.25,
      "Intelligent": 9.0,
      "Fun": 8.75,
      "Ambitious": 8.75
    }
  },
  "3.0_1.0": {
    "Expected": {
      "Attractive": 17.5,
      "Sincere": 20.0,
      "Intelligent": 15.0,
      "Fun": 20.0,
      "Ambitious": 12.5
    },
    "Perceive": {
      "Attractive": 7.5,
      "Sincere": 9.0,
      "Intelligent": 9.0,
      "Fun": 8.5,
      "Ambitious": 9.0
    }
  },
  "3.0_6.0": {
    "Expected": {
      "Attractive": 20.0,
      "Sincere": 23.333333333333332,
      "Intelligent": 16.666666666666668,
      "Fun": 13.333333333333334,
      "Ambitious": 10.0
    },
    "Perceive": {
      "Attractive": 7.333333333333333,
      "Sincere": 8.0,
      "Intelligent": 8.333333333333334,
      "Fun": 8.333333333333334,
      "Ambitious": 8.0
    }
  },
  "1.0_2.0": {
    "Expected": {
      "Attractive": 16.0,
      "Sincere": 20.0,
      "Intelligent": 25.0,
      "Fun": 18.0,
      "Ambitious": 9.0
    },
    "Perceive": {
      "Attractive": 7.6,
      "Sincere": 8.8,
      "Intelligent": 9.0,
      "Fun": 6.6,
      "Ambitious": 8.0
    }
  },
  "1.0_4.0": {
    "Expected": {
      "Attractive": 25.6,
      "Sincere": 15.2,
      "Intelligent": 17.2,
      "Fun": 16.2,
      "Ambitious": 10.8
    },
    "Perceive": {
      "Attractive": 7.0,
      "Sincere": 9.4,
      "Intelligent": 8.8,
      "Fun": 7.2,
      "Ambitious": 8.2
    }
  },
  "1.0_3.0": {
    "Expected": {
      "Attractive": 30.0,
      "Sincere": 20.0,
      "Intelligent": 20.0,
      "Fun": 10.0,
      "Ambitious": 15.0
    },
    "Perceive": {
      "Attractive": 10.0,
      "Sincere": 7.0,
      "Intelligent": 10.0,
      "Fun": 6.0,
      "Ambitious": 9.0
    }
  },
  "1.0_1.0": {
    "Expected": {
      "Attractive": 20.0,
      "Sincere": 20.0,
      "Intelligent": 20.0,
      "Fun": 10.0,
      "Ambitious": 20.0
    },
    "Perceive": {
      "Attractive": 8.5,
      "Sincere": 8.5,
      "Intelligent": 9.5,
      "Fun": 7.5,
      "Ambitious": 9.5
    }
  },
  "1.0_6.0": {
    "Expected": {
      "Attractive": 7.0,
      "Sincere": 35.0,
      "Intelligent": 20.0,
      "Fun": 20.0,
      "Ambitious": 5.0
    },
    "Perceive": {
      "Attractive": 8.5,
      "Sincere": 8.5,
      "Intelligent": 9.5,
      "Fun": 7.5,
      "Ambitious": 9.5
    }
  },
  "4.0_2.0": {
    "Expected": {
      "Attractive": 20.136363636363637,
      "Sincere": 18.5,
      "Intelligent": 22.59090909090909,
      "Fun": 17.454545454545453,
      "Ambitious": 9.954545454545455
    },
    "Perceive": {
      "Attractive": 6.0,
      "Sincere": 7.863636363636363,
      "Intelligent": 7.954545454545454,
      "Fun": 6.909090909090909,
      "Ambitious": 7.636363636363637
    }
  },
  "4.0_4.0": {
    "Expected": {
      "Attractive": 19.68,
      "Sincere": 18.0,
      "Intelligent": 20.88,
      "Fun": 18.76,
      "Ambitious": 10.2
    },
    "Perceive": {
      "Attractive": 6.32,
      "Sincere": 8.72,
      "Intelligent": 8.36,